,std,mean
m_in,4.14145572592101,2.057563582553729
T_sup,0.8961578889459224,0.08944097961437454
T_hx,0.4260727430761188,0.30870814536318064
T_p,0.4800366234424366,0.23618718484753043
